{
  "Ansi 6 Color" : {
    "Green Component" : 1,
    "Red Component" : 0.34860008955001831,
    "Blue Component" : 0.82062870264053345
  },
  "Tags" : [

  ],
  "Ansi 12 Color" : {
    "Green Component" : 0.81066548824310303,
    "Red Component" : 0.43880558013916016,
    "Blue Component" : 0.99898606538772583
  },
  "Use Non-ASCII Font" : true,
  "Draw Powerline Glyphs" : true,
  "Bold Color" : {
    "Green Component" : 0.91671288013458252,
    "Red Component" : 0.91654461622238159,
    "Blue Component" : 0.91648769378662109
  },
  "Normal Font" : "JetBrainsMonoNFM-Regular 20",
  "Ansi 0 Color" : {
    "Green Component" : 0.35616019368171692,
    "Red Component" : 0.26286587119102478,
    "Blue Component" : 0.40253299474716187
  },
  "Guid" : "1F16A177-DDD8-4BE1-9250-6EA163506598",
  "Rows" : 50,
  "Default Bookmark" : "No",
  "Custom Directory" : "No",
  "Cursor Guide Color" : {
    "Red Component" : 0.74862593412399292,
    "Color Space" : "P3",
    "Blue Component" : 0.99125725030899048,
    "Alpha Component" : 0.25,
    "Green Component" : 0.92047786712646484
  },
  "Non-ASCII Anti Aliased" : true,
  "Use Bright Bold" : true,
  "Ansi 10 Color" : {
    "Green Component" : 0.96712285280227661,
    "Red Component" : 0.67800694704055786,
    "Blue Component" : 0.74659085273742676
  },
  "Icon" : 0,
  "Ambiguous Double Width" : false,
  "Jobs to Ignore" : [
    "rlogin",
    "ssh",
    "slogin",
    "telnet"
  ],
  "Ansi 15 Color" : {
    "Green Component" : 0.99997437000274658,
    "Red Component" : 1,
    "Blue Component" : 0.99999129772186279
  },
  "Foreground Color" : {
    "Green Component" : 0.92142927646636963,
    "Red Component" : 0.90730977058410645,
    "Blue Component" : 0.93115901947021484
  },
  "Working Directory" : "\/Users\/charles.marano",
  "Blinking Cursor" : false,
  "Disable Window Resizing" : true,
  "Sync Title" : false,
  "Prompt Before Closing 2" : false,
  "BM Growl" : true,
  "Command" : "zsh",
  "Description" : "Default",
  "Smart Cursor Color" : true,
  "Mouse Reporting" : true,
  "Screen" : 0,
  "Selection Color" : {
    "Green Component" : 0.41462835669517517,
    "Red Component" : 0.30659490823745728,
    "Blue Component" : 0.47096589207649231
  },
  "Only The Default BG Color Uses Transparency" : true,
  "Columns" : 120,
  "Idle Code" : 0,
  "Ansi 13 Color" : {
    "Green Component" : 0.40164706110954285,
    "Red Component" : 0.9887651801109314,
    "Blue Component" : 0.60766077041625977
  },
  "Title Components" : 1026,
  "Custom Command" : "Yes",
  "ASCII Anti Aliased" : true,
  "Non Ascii Font" : "SymbolsNerdFontComplete-1000-em 11",
  "Vertical Spacing" : 1,
  "Use Bold Font" : true,
  "Option Key Sends" : 0,
  "Selected Text Color" : {
    "Green Component" : 0.92142927646636963,
    "Red Component" : 0.90730977058410645,
    "Blue Component" : 0.93115901947021484
  },
  "Background Color" : {
    "Green Component" : 0.14745020866394043,
    "Red Component" : 0.11278382688760757,
    "Blue Component" : 0.16608485579490662
  },
  "Character Encoding" : 4,
  "Ansi 11 Color" : {
    "Green Component" : 0.88262283802032471,
    "Red Component" : 0.99765938520431519,
    "Blue Component" : 0.42511638998985291
  },
  "Use Italic Font" : true,
  "Unlimited Scrollback" : false,
  "Keyboard Map" : {

  },
  "Window Type" : 10,
  "Cursor Type" : 2,
  "Background Image Location" : "",
  "Blur" : false,
  "Badge Color" : {
    "Red Component" : 0.92929404973983765,
    "Color Space" : "P3",
    "Blue Component" : 0.13960540294647217,
    "Alpha Component" : 0.5,
    "Green Component" : 0.25479039549827576
  },
  "Scrollback Lines" : 1000,
  "Send Code When Idle" : false,
  "Close Sessions On End" : true,
  "Terminal Type" : "xterm-256color",
  "Visual Bell" : false,
  "Flashing Bell" : false,
  "Silence Bell" : true,
  "Ansi 14 Color" : {
    "Green Component" : 1,
    "Red Component" : 0.60292786359786987,
    "Blue Component" : 0.90182536840438843
  },
  "Name" : "Material Design",
  "Cursor Text Color" : {
    "Green Component" : 0,
    "Red Component" : 0,
    "Blue Component" : 0
  },
  "Minimum Contrast" : 0,
  "Shortcut" : "",
  "Match Background Color" : {
    "Red Component" : 0.99697142839431763,
    "Color Space" : "P3",
    "Blue Component" : 0.32116127014160156,
    "Alpha Component" : 1,
    "Green Component" : 0.98600882291793823
  },
  "Cursor Color" : {
    "Green Component" : 0.91671288013458252,
    "Red Component" : 0.91654461622238159,
    "Blue Component" : 0.91648769378662109
  },
  "Transparency" : 0,
  "Ansi 1 Color" : {
    "Green Component" : 0.22098405659198761,
    "Red Component" : 0.9871404767036438,
    "Blue Component" : 0.25575384497642517
  },
  "Horizontal Spacing" : 1,
  "Link Color" : {
    "Red Component" : 0.14513972401618958,
    "Color Space" : "P3",
    "Blue Component" : 0.7093239426612854,
    "Alpha Component" : 1,
    "Green Component" : 0.35333043336868286
  },
  "Ansi 2 Color" : {
    "Green Component" : 0.94388872385025024,
    "Red Component" : 0.36202818155288696,
    "Blue Component" : 0.62042194604873657
  },
  "Right Option Key Sends" : 0,
  "Ansi 3 Color" : {
    "Green Component" : 0.81672251224517822,
    "Red Component" : 0.99627053737640381,
    "Blue Component" : 0.19727933406829834
  },
  "Ansi 7 Color" : {
    "Green Component" : 0.99997437000274658,
    "Red Component" : 1,
    "Blue Component" : 0.99999129772186279
  },
  "Ansi 8 Color" : {
    "Green Component" : 0.69167852401733398,
    "Red Component" : 0.63061976432800293,
    "Blue Component" : 0.72321081161499023
  },
  "Ansi 9 Color" : {
    "Green Component" : 0.45310419797897339,
    "Red Component" : 0.98958194255828857,
    "Blue Component" : 0.42818409204483032
  },
  "Ansi 4 Color" : {
    "Green Component" : 0.7149810791015625,
    "Red Component" : 0.215079665184021,
    "Blue Component" : 0.99871528148651123
  },
  "Ansi 5 Color" : {
    "Green Component" : 0.13310989737510681,
    "Red Component" : 0.986469566822052,
    "Blue Component" : 0.43182668089866638
  }
}